,City,Max Temp,Lon,Lat,cloudiness,Wind Speed ,Humidity,Country,Date
0,rio grande,3.33,-52.1,-32.03,20,2.5,93,BR,1567657115
1,nelson,17.78,-117.29,49.49,26,0.79,62,CA,1567657568
2,jalingo,23.46,10.93,10.3,99,2.23,90,NG,1567657568
3,arona,20.56,8.56,45.76,40,2.6,100,IT,1567657568
4,punta arenas,2.0,-70.91,-53.16,75,3.1,84,CL,1567657569
5,yellowknife,11.0,-114.38,62.45,75,2.1,71,CA,1567657569
6,evensk,11.53,159.24,61.92,88,6.07,59,RU,1567657569
7,avarua,24.0,-159.78,-21.21,98,7.2,60,CK,1567657404
8,tecoanapa,28.0,-99.26,16.99,40,1.5,78,MX,1567657570
9,kodiak,20.0,-94.76,39.95,1,1.5,88,US,1567657570
10,necochea,5.56,-58.74,-38.55,6,0.89,64,AR,1567657570
11,mali,18.15,102.2,27.53,79,1.66,90,CN,1567657570
12,rikitea,22.36,-134.97,-23.12,73,3.67,73,PF,1567657571
13,albany,17.78,-73.75,42.65,20,2.6,72,US,1567657274
14,college,15.0,-147.8,64.86,75,2.6,62,US,1567657571
15,hobart,13.89,147.33,-42.88,40,3.6,50,AU,1567656975
16,mataura,11.67,168.86,-46.19,49,3.13,71,NZ,1567657090
17,humaita,13.0,-65.37,-24.93,90,1.5,71,AR,1567657571
18,christchurch,11.11,172.64,-43.53,100,6.7,87,NZ,1567657367
19,khatanga,5.52,102.47,71.98,100,5.67,46,RU,1567657106
20,fortuna,16.67,-124.16,40.6,90,2.6,93,US,1567657124
21,moberly,20.0,-92.44,39.42,1,2.6,82,US,1567657297
22,gamba,7.55,88.52,28.28,37,1.92,67,CN,1567657572
23,ariquemes,27.16,-63.03,-9.91,39,0.79,54,BR,1567657572
24,calama,8.89,-68.93,-22.46,0,7.7,10,CL,1567657573
25,cabo san lucas,29.0,-109.91,22.89,5,5.1,54,MX,1567657198
26,georgetown,24.0,-58.16,6.8,20,2.1,94,GY,1567657060
27,nikolskoye,12.22,30.79,59.7,40,2.0,87,RU,1567657103
28,cuenca,13.0,-79.0,-2.9,11,3.6,76,EC,1567657573
29,mar del plata,0.21,-67.52,-46.43,0,3.51,57,AR,1567657096
30,peace river,12.0,-117.29,56.23,40,3.1,87,CA,1567657574
31,sabha,24.28,14.43,27.03,0,4.56,40,LY,1567657574
32,srivardhan,26.47,73.02,18.03,100,7.53,88,IN,1567657574
33,luderitz,12.0,15.16,-26.65,0,5.1,93,NA,1567657150
34,los algarrobos,32.0,-79.94,-3.25,90,1.5,33,EC,1567657575
35,bathsheba,27.0,-59.52,13.22,20,4.6,88,BB,1567656922
36,banepa,23.0,85.52,27.63,75,1.0,94,NP,1567657575
37,ushuaia,5.0,-68.31,-54.81,0,3.1,56,AR,1567657090
38,kuala terengganu,31.0,103.14,5.33,75,2.6,70,MY,1567657575
39,puerto ayora,20.0,-90.35,-0.74,67,0.45,95,EC,1567657080
40,torbay,18.33,-52.73,47.66,90,4.6,93,CA,1567657138
41,eureka,16.67,-124.16,40.8,90,5.33,87,US,1567657576
42,khandbari,15.15,87.21,27.38,100,0.36,91,NP,1567657576
43,awjilah,22.09,21.3,29.14,0,3.84,92,LY,1567657576
44,vaini,25.0,74.49,15.34,75,5.1,94,IN,1567657087
45,dawei,26.34,98.19,14.07,100,8.38,86,MM,1567657577
46,cholet,12.22,-0.88,47.06,0,3.1,93,FR,1567657577
47,cockburn town,28.81,-71.14,21.46,18,8.17,82,TC,1567657577
48,dikson,6.28,80.55,73.51,100,8.88,99,RU,1567657119
49,tasiilaq,8.0,-37.64,65.61,100,6.7,49,GL,1567657110
50,novoorsk,9.0,58.98,51.38,75,3.0,93,RU,1567657578
51,tuktoyaktuk,10.0,-133.03,69.44,75,5.7,81,CA,1567657107
52,hilo,28.0,-155.08,19.71,75,2.1,69,US,1567657578
53,lexington,22.22,-84.5,38.05,1,2.6,60,US,1567657564
54,real,31.67,121.6,14.67,40,8.2,70,PH,1567657578
55,tiksi,8.84,128.87,71.64,4,5.66,76,RU,1567657169
56,cape town,13.89,18.42,-33.93,0,12.9,71,ZA,1567657097
57,chokurdakh,10.15,147.9,70.62,79,4.41,45,RU,1567657122
58,bluff,30.38,149.07,-23.58,0,1.89,11,AU,1567657091
59,bukachacha,22.43,116.91,52.99,0,0.67,42,RU,1567657579
60,saint-augustin,16.11,-73.98,45.63,75,1.5,82,CA,1567657098
61,lorengau,27.3,147.27,-2.02,100,4.62,84,PG,1567657579
62,sorland,7.0,12.69,67.67,40,1.5,93,NO,1567657113
63,provideniya,12.0,-173.23,64.42,75,5.0,76,RU,1567657580
64,port elizabeth,25.56,-74.98,39.31,75,2.6,88,US,1567657656
65,vadso,9.0,29.75,70.07,0,3.1,81,NO,1567657657
66,gat,26.0,-16.54,14.69,20,1.5,94,SN,1567657658
67,kortkeros,9.0,51.56,61.81,0,2.0,93,RU,1567657659
68,cidreira,8.43,-50.22,-30.17,0,2.76,72,BR,1567657119
69,codrington,31.0,153.24,-28.95,0,2.6,16,AU,1567657147
70,ukiah,26.0,-123.21,39.15,1,0.39,31,US,1567657660
71,talnakh,9.0,88.39,69.49,75,4.0,100,RU,1567657093
72,atuona,26.02,-139.03,-9.8,27,5.49,75,PF,1567657095
73,aklavik,11.0,-135.01,68.22,90,2.6,100,CA,1567657126
74,saint-philippe,16.11,-73.48,45.36,90,3.57,67,CA,1567657100
75,geraldton,12.0,-86.95,49.72,75,2.1,76,CA,1567657147
76,estacion coahuila,36.0,-115.0,32.19,1,4.6,30,MX,1567657660
77,dalvik,12.22,14.13,57.79,75,3.1,100,SE,1567657661
78,lebu,12.54,38.73,8.96,81,0.34,90,ET,1567657094
79,yulara,29.0,130.99,-25.24,0,1.5,12,AU,1567657123
80,ribeira grande,22.31,-28.7,38.52,87,4.95,76,PT,1567657086
81,porto novo,16.0,-45.44,-23.68,75,2.1,93,BR,1567657661
82,mahebourg,24.44,57.7,-20.41,40,5.7,73,MU,1567657148
83,batemans bay,18.89,150.18,-35.71,100,0.89,45,AU,1567657662
84,dutlwe,14.23,23.93,-23.98,0,4.07,28,BW,1567657662
85,klaksvik,4.0,-6.59,62.23,0,2.02,86,FO,1567657176
86,lipari,24.0,14.95,38.47,40,2.1,83,IT,1567657662
87,sakaiminato,32.0,133.23,35.55,75,3.6,62,JP,1567657663
88,pochinok,8.55,32.44,54.4,0,2.35,90,RU,1567657663
89,yurginskoye,10.23,67.39,56.82,88,0.86,90,RU,1567657663
90,pangnirtung,1.77,-65.72,66.15,39,1.67,72,CA,1567657663
91,qaanaaq,-1.57,-69.36,77.48,6,3.15,53,GL,1567657093
92,kirakira,25.19,161.92,-10.46,65,8.6,72,SB,1567657143
93,inhambane,15.12,35.38,-23.87,0,2.11,90,MZ,1567657109
94,nipawin,12.0,-104.02,53.36,1,3.6,93,CA,1567657664
95,ancud,0.0,-73.83,-41.87,0,2.1,70,CL,1567657586
96,coihaique,2.0,-72.07,-45.58,0,2.6,43,CL,1567657664
97,bambous virieux,24.0,57.76,-20.34,40,5.7,73,MU,1567657118
98,gazli,21.46,63.45,40.13,0,2.89,34,UZ,1567657665
99,thompson,2.0,-97.86,55.74,20,1.0,80,CA,1567657094
100,bairnsdale,18.33,147.63,-37.83,0,3.58,75,AU,1567657665
101,sao paulo de olivenca,25.02,-68.87,-3.38,99,0.46,79,BR,1567657665
102,margate,13.33,147.26,-43.03,40,3.6,50,AU,1567657200
103,port hardy,15.0,-127.42,50.7,20,4.1,87,CA,1567657206
104,kosh-agach,7.13,88.66,49.99,99,0.51,74,RU,1567657666
105,mackay,14.0,-115.58,53.65,40,3.1,71,CA,1567657666
106,barrow,0.32,-60.23,-38.31,4,0.82,87,AR,1567656971
107,rio gallegos,-2.0,-69.22,-51.62,0,2.6,86,AR,1567657529
108,coquimbo,11.0,-71.34,-29.95,90,2.1,93,CL,1567657106
109,esperance,12.0,121.89,-33.86,40,7.2,58,AU,1567657114
110,sao joao da barra,22.31,-41.05,-21.64,93,3.43,84,BR,1567657667
111,yarkovo,13.0,82.6,54.81,20,2.0,82,RU,1567657667
112,xining,23.33,101.77,36.62,0,2.38,51,CN,1567657207
113,pevek,5.03,170.27,69.7,83,2.69,82,RU,1567657124
114,podari,16.67,26.64,44.49,75,2.6,93,RO,1567657668
115,irece,18.12,-41.86,-11.3,0,4.37,81,BR,1567657595
116,san patricio,10.1,-56.83,-26.98,99,4.19,62,PY,1567657126
117,grand gaube,24.44,57.66,-20.01,40,5.7,73,MU,1567657668
118,garowe,23.25,48.48,8.41,1,12.21,65,SO,1567657668
119,jince,14.0,13.98,49.79,0,3.1,76,CZ,1567657669
120,san cristobal,20.61,-86.92,14.68,100,2.93,70,HN,1567657669
121,sitka,23.89,-99.65,37.17,0,4.92,56,US,1567657139
122,bredasdorp,3.0,20.04,-34.53,49,2.04,93,ZA,1567657137
123,kapaa,31.0,-159.32,22.08,75,8.2,70,US,1567657670
124,busselton,15.56,115.35,-33.64,0,3.72,35,AU,1567657132
125,east london,13.0,27.91,-33.02,40,4.6,100,ZA,1567657116
126,la ronge,11.0,-105.3,55.1,40,2.1,93,CA,1567657670
127,lompoc,18.89,-120.46,34.64,90,2.1,93,US,1567657197
128,touros,23.0,-35.46,-5.2,40,1.5,94,BR,1567657155
129,opuwo,11.62,13.84,-18.06,0,0.55,69,NA,1567657146
130,hithadhoo,28.49,73.08,-0.6,100,6.35,78,MV,1567657135
131,souillac,14.0,-0.6,45.6,0,2.1,76,FR,1567657163
132,saskylakh,2.5,114.09,71.97,90,2.17,63,RU,1567657099
133,ilulissat,3.0,-51.1,69.22,100,1.63,93,GL,1567657114
134,baykit,9.37,96.39,61.68,100,2.1,78,RU,1567657672
135,san fernando,25.0,-61.46,10.28,20,4.38,94,TT,1567657672
136,castro,0.0,-73.76,-42.48,0,2.1,81,CL,1567657620
137,kulhudhuffushi,27.75,73.07,6.62,92,3.67,79,MV,1567657654
138,sao felix do xingu,24.9,-51.99,-6.64,12,0.97,59,BR,1567657672
139,katsuura,29.0,134.5,33.93,75,1.0,88,JP,1567657081
140,fort nelson,15.0,-122.69,58.81,20,3.6,51,CA,1567657673
141,butaritari,29.29,172.79,3.07,100,3.77,71,KI,1567656909
142,upernavik,5.75,-56.15,72.79,100,7.0,88,GL,1567657673
143,caravelas,21.13,-39.27,-17.73,2,2.67,90,BR,1567657673
144,kalininsk,10.06,44.48,51.5,0,2.26,70,RU,1567657674
145,ainazi,16.1,24.36,57.86,41,9.17,82,LV,1567657674
146,bud,10.0,6.91,62.91,75,3.6,81,NO,1567657674
147,port alfred,13.89,26.89,-33.59,100,1.79,90,ZA,1567657085
148,turukhansk,10.57,87.96,65.8,76,3.8,67,RU,1567657557
149,moerai,20.33,-151.33,-22.43,53,9.23,69,PF,1567657675
150,jamestown,17.92,138.6,-33.21,15,5.05,53,AU,1567657675
151,salalah,26.0,54.1,17.01,75,1.5,94,OM,1567657195
152,cortez,21.67,-108.58,37.35,1,4.1,72,US,1567657675
153,udachnyy,4.0,112.4,66.42,90,3.0,100,RU,1567657676
154,anori,25.72,-61.66,-3.74,72,0.44,69,BR,1567657676
155,clyde river,5.0,-68.59,70.47,90,2.1,80,CA,1567657127
156,sagauli,31.07,84.73,26.78,63,4.59,66,IN,1567657553
157,mareeba,28.0,145.42,-16.99,56,2.6,34,AU,1567657677
158,leningradskiy,4.01,178.42,69.38,94,3.86,91,RU,1567657088
159,kahului,28.0,-156.47,20.89,40,6.2,69,US,1567656960
160,victoria,33.0,115.24,5.28,75,1.0,74,BN,1567656904
161,port blair,27.0,92.75,11.67,75,6.2,88,IN,1567657661
162,kapit,34.38,112.94,2.02,25,0.42,46,MY,1567657677
163,huilong,24.72,106.5,31.15,88,1.66,74,CN,1567657678
164,pacific grove,22.22,-121.92,36.62,90,4.1,82,US,1567657678
165,hasaki,27.0,140.83,35.73,75,2.1,78,JP,1567657153
166,buraydah,31.0,43.97,26.33,40,5.1,23,SA,1567657148
167,puri,31.43,112.45,-7.54,72,5.11,34,ID,1567657190
168,carnarvon,9.46,22.13,-30.97,100,7.94,72,ZA,1567657114
169,moron,27.79,-74.26,18.56,0,1.87,78,HT,1567657679
170,sinnamary,27.3,-52.96,5.38,98,9.41,82,GF,1567657679
171,matadi,21.51,13.46,-5.83,40,1.57,87,CD,1567657679
172,dukat,23.33,19.57,40.25,0,0.94,58,AL,1567657665
173,kirsanov,10.23,42.73,52.65,0,2.76,74,RU,1567657679
174,la paz,29.0,-110.32,24.15,20,3.6,51,MX,1567657680
175,chegdomyn,18.23,133.04,51.13,100,0.74,97,RU,1567657680
176,cherskiy,13.24,161.3,68.75,0,1.82,32,RU,1567657154
177,chuy,6.2,-53.46,-33.69,3,4.84,73,UY,1567657125
178,taltal,9.41,-70.49,-25.41,0,1.71,83,CL,1567657680
179,mitu,11.82,46.09,36.2,0,0.88,53,IR,1567657681
180,lagoa,24.0,-8.45,37.14,0,1.5,57,PT,1567657104
181,la macarena,22.16,-73.79,2.18,14,0.43,94,CO,1567657681
182,qasigiannguit,3.0,-51.19,68.82,100,1.02,93,GL,1567657121
183,gorontalo,29.2,123.06,0.54,95,4.03,58,ID,1567657137
184,hambantota,28.0,81.12,6.12,40,3.6,94,LK,1567657113
185,severo-kurilsk,9.95,156.12,50.68,1,6.94,93,RU,1567657682
186,cayenne,24.0,-52.33,4.94,76,0.5,94,GF,1567657145
187,marsa matruh,26.3,27.25,31.35,0,4.11,70,EG,1567657682
188,itarema,24.25,-39.92,-2.92,33,4.18,83,BR,1567657562
189,tokur,19.86,132.9,53.13,100,0.55,76,RU,1567657682
190,hualmay,15.79,-77.61,-11.1,0,5.41,91,PE,1567657683
191,naze,23.47,7.07,5.43,98,1.65,96,NG,1567657683
192,hargeysa,20.38,44.06,9.56,0,12.8,61,SO,1567657683
193,grindavik,10.0,-22.43,63.84,90,5.7,100,IS,1567657435
194,marawi,28.89,124.29,8.0,100,1.79,78,PH,1567657110
195,redlands,32.0,-117.19,34.06,1,2.1,45,US,1567657684
196,anderson,27.22,-82.65,34.51,1,1.5,94,US,1567657684
197,orzhytsya,11.77,32.7,49.79,91,3.75,91,UA,1567657684
198,new norfolk,13.89,147.06,-42.78,40,3.6,50,AU,1567657087
199,merauke,24.45,140.4,-8.49,48,6.79,78,ID,1567657684
200,sao filipe,25.98,-24.5,14.9,0,5.33,88,CV,1567657097
201,port-gentil,24.25,8.78,-0.72,98,7.17,87,GA,1567657685
202,constantine,14.0,6.61,36.36,20,1.0,93,DZ,1567657685
203,vardo,24.44,-77.74,39.62,1,4.6,56,US,1567657685
204,pisco,22.0,-76.2,-13.71,90,5.7,30,PE,1567657113
205,norman wells,11.0,-126.83,65.28,40,4.1,87,CA,1567657165
206,gold coast,33.33,153.41,-28.0,0,5.7,57,AU,1567657551
207,kavaratti,28.15,72.64,10.57,100,8.27,79,IN,1567657139
208,plouzane,14.0,-4.62,48.38,90,4.6,76,FR,1567657686
209,bethel,13.0,-161.76,60.79,75,7.7,81,US,1567657687
210,jawhar,24.81,73.23,19.91,100,2.53,96,IN,1567657687
211,nemuro,24.0,145.57,43.32,75,5.7,60,JP,1567657687
212,riyadh,28.0,46.72,24.63,0,0.91,32,SA,1567657562
213,valmadrera,19.44,9.36,45.85,0,1.5,93,IT,1567657688
214,hermanus,13.89,19.24,-34.42,3,4.92,62,ZA,1567657515
215,atar,34.72,-13.05,20.52,0,2.74,30,MR,1567657688
216,meulaboh,26.97,96.13,4.14,60,4.57,84,ID,1567657091
217,east stroudsburg,22.22,-75.18,41.0,1,2.1,64,US,1567657689
218,micheweni,25.03,39.83,-4.97,11,4.85,78,TZ,1567657689
219,senneterre,7.0,-77.24,48.39,1,2.1,87,CA,1567657664
220,ellsworth,25.0,-98.23,38.73,1,4.6,73,US,1567657689
221,glencoe,13.89,-81.71,42.75,75,2.36,87,CA,1567657689
222,khor,23.91,134.96,47.88,14,6.06,77,RU,1567657690
223,hinton,9.98,-117.57,53.4,100,1.12,75,CA,1567657690
224,portland,19.44,-70.25,43.66,1,5.7,68,US,1567657684
225,guerrero negro,22.89,-114.04,27.97,0,4.38,83,MX,1567657140
226,sembakung,30.0,117.25,3.82,40,2.6,74,ID,1567657690
227,simao,28.37,100.79,22.76,12,0.46,56,CN,1567657691
228,zhigansk,10.22,123.37,66.77,58,3.73,52,RU,1567657691
229,abu kamal,21.24,40.92,34.45,0,5.02,70,SY,1567657691
230,sept-iles,13.0,-66.38,50.2,90,2.6,100,CA,1567657630
231,tocopilla,13.69,-70.2,-22.09,98,2.12,86,CL,1567657104
232,horsham,17.03,142.2,-36.71,31,6.35,70,AU,1567657692
233,ekhabi,17.07,142.97,53.51,100,3.59,82,RU,1567657692
234,mount isa,32.0,139.49,-20.73,0,5.1,13,AU,1567657692
235,iqaluit,5.0,-68.52,63.75,90,1.0,80,CA,1567657108
236,nizwa,30.32,57.53,22.93,69,0.83,31,OM,1567657692
237,maceio,22.0,-35.74,-9.67,75,1.5,94,BR,1567657693
238,longyearbyen,0.0,15.63,78.22,75,1.5,79,NO,1567657126
239,baghdad,28.0,44.38,33.3,0,2.1,37,IQ,1567657693
240,grand-santi,23.48,-54.38,4.27,69,0.94,86,GF,1567657694
241,quetigny,14.0,5.12,47.31,90,3.6,76,FR,1567657694
242,ivanteyevka,16.11,37.92,55.97,90,2.0,100,RU,1567657694
243,lavrentiya,7.5,-170.99,65.58,100,3.25,93,RU,1567657188
244,paamiut,5.72,-49.67,61.99,17,4.1,85,GL,1567657163
245,karratha,28.54,116.85,-20.74,36,3.57,20,AU,1567657135
246,srednekolymsk,15.44,153.71,67.46,94,4.7,38,RU,1567657172
247,colwyn bay,13.0,-3.71,53.29,0,6.2,71,GB,1567657695
248,kavieng,28.25,150.8,-2.57,81,4.22,74,PG,1567657105
249,chapais,6.0,-74.86,49.78,75,2.1,70,CA,1567657576
250,kiunga,27.9,141.3,-6.12,98,1.1,67,PG,1567657696
251,partizansk,19.48,133.13,43.13,99,3.57,68,RU,1567657696
252,labuhan,33.32,115.51,-2.54,29,1.37,41,ID,1567657696
253,fort erie,18.0,-78.92,42.91,75,2.1,67,US,1567657696
254,manicore,26.83,-61.3,-5.81,53,0.19,57,BR,1567657697
255,sur,30.78,59.53,22.57,88,1.81,45,OM,1567657163
256,ormara,27.47,64.64,25.21,54,2.88,83,PK,1567657697
257,bonthe,24.51,-12.5,7.53,87,3.93,92,SL,1567657697
258,baturyn,12.86,32.89,51.33,82,3.96,88,UA,1567657698
259,greenwood,16.11,-118.68,49.09,0,3.13,62,CA,1567657698
260,mount gambier,19.0,140.78,-37.83,75,7.2,68,AU,1567657698
261,seoul,28.0,126.98,37.57,90,6.2,94,KR,1567657143
262,mackenzie,11.0,-123.09,55.34,20,1.68,93,CA,1567657699
263,saint george,19.0,22.34,39.45,0,2.1,63,GR,1567656905
264,wisconsin rapids,12.0,-89.82,44.39,1,0.25,93,US,1567657699
265,partapur,26.95,74.18,23.59,84,3.01,87,IN,1567657699
266,ayan,16.0,44.7,38.23,0,1.34,67,IR,1567657183
267,half moon bay,18.89,-122.43,37.46,90,2.6,100,US,1567657566
268,ponta do sol,24.13,-46.0,-20.63,100,1.99,40,BR,1567657183
269,mehamn,9.0,27.85,71.03,40,4.1,81,NO,1567657700
270,dolzhanskaya,21.97,37.8,46.63,100,2.83,66,RU,1567657700
271,saldanha,16.55,-6.55,41.42,0,3.19,54,PT,1567657104
272,san miguel,9.0,-58.72,-34.54,20,2.1,45,AR,1567657700
273,samarai,24.47,150.67,-10.62,34,4.05,61,PG,1567657206
274,capitao poco,21.82,-47.06,-1.75,0,2.06,97,BR,1567657457
275,hanzhong,20.76,107.03,33.08,100,1.12,85,CN,1567657701
276,haines junction,10.79,-137.51,60.75,0,2.9,53,CA,1567657701
277,sola,19.02,33.8,-3.17,31,0.79,55,TZ,1567657701
278,burla,12.16,78.33,53.34,53,3.15,66,RU,1567657702
279,hamilton,17.22,-79.87,43.26,20,3.6,81,CA,1567656851
280,baruun-urt,22.51,113.28,46.68,94,0.65,44,MN,1567657702
281,black river,29.0,-77.85,18.03,20,1.0,70,JM,1567657702
282,voh,21.2,164.69,-20.95,0,6.28,64,NC,1567657702
283,the valley,29.0,-63.06,18.22,20,4.6,74,AI,1567657685
284,wewak,23.72,143.63,-3.55,100,1.5,93,PG,1567657703
285,ilek,10.38,53.38,51.53,0,2.05,82,RU,1567657703
286,husavik,17.22,-96.99,50.56,100,1.79,73,CA,1567657703
287,leh,8.66,77.58,34.16,0,1.19,41,IN,1567657704
288,tuatapere,11.67,167.69,-46.13,0,3.13,71,NZ,1567657180
289,arkhara,25.7,130.09,49.42,4,3.34,70,RU,1567657704
290,fort-shevchenko,20.87,50.26,44.51,0,5.9,55,KZ,1567657704
291,thinadhoo,28.12,72.93,0.53,98,5.46,79,MV,1567657705
292,iskateley,12.59,53.15,67.68,94,3.18,95,RU,1567657705
293,chapada dos guimaraes,27.0,-55.75,-15.46,0,1.0,61,BR,1567657705
294,jackson,20.56,-110.76,43.48,1,2.6,29,US,1567657705
295,ostrovnoy,9.25,39.51,68.05,0,7.01,88,RU,1567657705
296,mitsamiouli,23.0,43.28,-11.38,20,3.1,78,KM,1567657706
297,pangai,24.0,-174.35,-19.8,90,2.1,88,TO,1567657706
298,nanortalik,5.0,-45.24,60.14,0,0.82,90,GL,1567657706
299,padang,27.06,100.36,-0.92,49,7.52,84,ID,1567657514
300,kaeo,13.89,173.78,-35.1,100,7.44,100,NZ,1567657151
301,charyshskoye,12.43,83.56,51.4,100,1.08,57,RU,1567657707
302,viedma,5.12,-62.99,-40.81,99,1.35,56,AR,1567657108
303,arraial do cabo,20.71,-42.02,-22.97,100,5.44,94,BR,1567657127
304,roald,10.0,6.12,62.58,75,4.6,76,NO,1567657120
305,aksarka,11.16,67.8,66.56,10,5.2,82,RU,1567657707
306,talara,16.62,-81.27,-4.58,0,5.5,93,PE,1567657708
307,yinchuan,20.79,106.21,38.48,24,2.41,56,CN,1567657708
308,neryungri,15.09,124.71,56.66,3,1.63,49,RU,1567657708
309,dingle,30.81,122.67,11.0,86,3.73,63,PH,1567657542
310,cacador,8.65,-51.02,-26.78,100,0.33,90,BR,1567657453
311,buala,27.08,159.59,-8.15,41,5.68,82,SB,1567657112
312,ovsyanka,22.11,126.91,53.58,80,1.54,55,RU,1567657709
313,arlit,35.05,7.39,18.74,8,2.74,24,NE,1567657709
314,brae,9.0,-1.35,60.4,100,8.7,76,GB,1567657710
315,antalaha,15.12,50.28,-14.9,50,2.14,98,MG,1567657710
316,maraba,27.0,-49.1,-5.35,0,1.0,74,BR,1567657710
317,galveston,16.11,-86.19,40.58,1,3.02,87,US,1567657710
318,nantucket,22.0,-70.1,41.28,75,3.1,100,US,1567657677
319,boddam,11.11,-1.78,57.47,76,5.1,75,GB,1567657711
320,makakilo city,30.0,-158.09,21.35,20,4.1,66,US,1567657658
321,muros,18.33,-9.06,42.77,75,6.2,76,ES,1567657114
322,lincoln,10.0,-0.54,53.23,0,3.1,76,GB,1567657711
323,cogua,11.0,-73.98,5.06,40,1.5,76,CO,1567657711
324,kutum,23.06,24.66,14.2,100,7.62,74,SD,1567657166
325,riwaka,14.44,173.0,-41.08,100,0.79,80,NZ,1567657712
326,the pas,11.0,-101.24,53.82,90,1.0,93,CA,1567657712
327,nagymaros,13.89,18.96,47.79,0,2.1,100,HU,1567657712
328,seda,15.0,22.09,56.17,0,4.6,82,LT,1567657713
329,sosua,28.0,-70.52,19.77,40,8.93,88,DO,1567657713
330,sijunjung,26.96,100.95,-0.69,49,1.28,62,ID,1567657713
331,ajdabiya,26.0,20.22,30.75,0,4.36,79,LY,1567657713
332,yarke pole,17.39,34.32,45.61,100,3.35,83,UA,1567657713
333,bundaberg,32.0,152.35,-24.87,0,6.2,15,AU,1567657610
334,poum,12.0,20.71,41.28,0,2.1,76,MK,1567657501
335,daru,25.45,143.21,-9.07,100,4.51,66,PG,1567657714
336,ust-kuyga,8.93,135.55,70.0,99,1.63,76,RU,1567657714
337,hobyo,24.69,48.53,5.35,100,8.47,78,SO,1567657118
338,honningsvag,9.0,25.97,70.98,0,3.1,81,NO,1567657163
339,beringovskiy,7.46,179.32,63.05,100,1.16,90,RU,1567657125
340,bol,27.43,14.72,13.47,100,5.15,78,TD,1567657715
341,port hawkesbury,20.56,-61.36,45.62,90,3.6,94,CA,1567657715
342,edd,29.7,41.69,13.93,84,1.85,50,ER,1567657716
343,oliveira,20.82,-44.83,-20.7,59,4.49,63,BR,1567657716
344,muroto,26.0,134.14,33.37,75,3.1,88,JP,1567657716
345,khani,19.0,42.96,41.96,40,0.5,93,GE,1567657716
346,el jicaro,18.21,-89.89,14.91,100,1.55,93,GT,1567657716
347,villa guerrero,17.08,-103.59,21.98,98,1.98,88,MX,1567657717
348,richards bay,20.82,32.06,-28.77,42,5.77,74,ZA,1567657717
349,paita,16.43,-81.11,-5.09,0,4.63,93,PE,1567657655
350,hohhot,25.0,111.65,40.81,0,2.0,31,CN,1567657717
351,araouane,33.99,-3.53,18.9,28,5.63,26,ML,1567657718
352,yarensk,9.17,49.09,62.17,0,2.1,95,RU,1567657718
353,uray,9.46,64.8,60.13,5,1.6,92,RU,1567657718
354,alofi,22.0,-169.92,-19.06,100,10.59,100,NU,1567656909
355,walvis bay,13.0,14.51,-22.95,90,2.1,82,NA,1567657719
356,pishin,24.85,67.0,30.58,0,0.99,39,PK,1567657719
357,tapiramuta,15.84,-40.79,-11.85,0,1.89,97,BR,1567657719
358,yumen,29.11,97.04,40.29,0,7.07,19,CN,1567657719
359,sotuta,25.38,-89.01,20.6,36,2.76,90,MX,1567657721
360,les cayes,29.18,-73.75,18.19,1,6.83,75,HT,1567657721
361,narsaq,5.0,-46.05,60.91,0,1.0,57,GL,1567657515
362,kaitangata,9.44,169.85,-46.28,94,4.02,67,NZ,1567657721
363,ballina,11.67,-9.15,54.11,60,4.47,83,IE,1567657722
364,adrar,25.0,-0.29,27.87,0,4.6,41,DZ,1567657722
365,aromashevo,9.43,68.64,56.86,1,1.48,86,RU,1567657722
366,lerwick,9.0,-1.15,60.15,100,9.3,70,GB,1567657166
367,pochutla,29.0,-96.47,15.74,5,2.01,70,MX,1567657137
368,minsk,7.0,27.56,53.9,0,1.78,100,BY,1567657722
369,linxia,20.17,103.21,35.6,0,3.03,50,CN,1567657723
370,general roca,6.0,-67.58,-39.03,0,7.2,41,AR,1567657723
371,flinders,22.22,150.85,-34.58,40,4.6,59,AU,1567657221
372,aykhal,4.0,111.51,65.95,90,3.0,100,RU,1567657723
373,shubarshi,11.83,57.19,48.59,0,3.25,69,KZ,1567657725
374,san vicente de canete,14.88,-76.38,-13.08,79,3.02,90,PE,1567657725
375,agucadoura,19.44,-8.78,41.43,0,4.6,68,PT,1567657725
376,bandarbeyla,24.82,50.81,9.49,78,12.02,66,SO,1567657725
377,cururupu,21.87,-44.87,-1.82,29,0.97,97,BR,1567657136
378,sandpoint,20.0,-116.55,48.28,1,0.66,62,US,1567657716
379,puerto madero,9.0,-58.36,-34.61,40,4.1,49,AR,1567657726
380,mattru,22.95,-11.83,7.62,51,1.35,98,SL,1567657159
381,wanlaweyn,23.26,44.89,2.62,82,5.17,86,SO,1567657726
382,nelson bay,22.22,152.14,-32.72,20,5.1,64,AU,1567657726
383,nueva concepcion,27.88,-91.3,14.2,100,1.05,71,GT,1567657727
384,iranshahr,34.0,60.69,27.21,0,1.95,13,IR,1567657727
385,san jacinto,8.89,-55.87,-34.54,20,3.6,56,UY,1567657727
386,montague,20.0,-62.65,46.17,75,7.2,82,CA,1567657727
387,cap malheureux,24.44,57.61,-19.98,40,5.7,73,MU,1567657158
388,mikkeli,11.0,27.27,61.69,90,1.5,100,FI,1567657728
389,auki,22.73,6.51,12.18,65,3.32,94,NG,1567657186
390,pringsewu,29.46,104.98,-5.36,58,1.19,51,ID,1567657728
391,kodinsk,9.7,99.18,58.6,100,1.03,97,RU,1567657728
392,porto murtinho,20.14,-57.88,-21.7,67,3.97,38,BR,1567657729
393,kisanga,12.63,27.4,-11.72,82,2.04,62,CD,1567657729
394,ixtapa,28.0,-105.21,20.71,90,2.87,78,MX,1567657729
395,kottapalli,25.83,79.09,18.49,100,7.17,84,IN,1567657730
396,arman,11.73,150.17,59.7,100,3.02,92,RU,1567657730
397,shuya,12.67,41.38,56.84,100,2.56,76,RU,1567657730
398,pestovo,16.11,37.98,55.36,100,3.0,87,RU,1567657731
399,taoudenni,36.07,-3.98,22.68,1,5.29,23,ML,1567657731
400,casambalangan,29.6,122.13,18.38,100,5.43,74,PH,1567657731
401,coruripe,19.76,-36.18,-10.12,1,1.57,95,BR,1567657731
402,constitucion,15.56,-104.67,23.99,100,2.24,86,MX,1567657732
403,acari,23.6,-36.64,-6.44,5,5.01,73,BR,1567657732
404,kaohsiung,32.0,120.31,22.62,75,5.7,66,TW,1567657732
405,kruisfontein,11.78,24.73,-34.0,100,2.95,89,ZA,1567657732
406,airai,28.23,125.41,-8.93,40,2.83,47,TL,1567657172
407,fairbanks,16.0,-147.72,64.84,75,2.6,62,US,1567657643
408,washington,26.11,-77.04,38.9,90,2.41,83,US,1567657563
409,salekhard,10.52,66.62,66.54,3,4.07,84,RU,1567657733
410,shimanovsk,17.03,127.67,52.0,100,1.77,90,RU,1567657733
411,skjervoy,9.0,20.97,70.03,75,3.1,76,NO,1567657734
412,muzhi,10.96,64.7,65.4,23,3.4,81,RU,1567657734
413,verin,15.0,-7.44,41.94,0,1.34,72,ES,1567657626
414,lardos,24.0,28.02,36.09,0,4.1,78,GR,1567657734
415,catu,24.0,-38.38,-12.35,40,3.1,94,BR,1567657735
416,curup,28.42,102.53,-3.47,0,0.53,50,ID,1567657735
417,comodoro rivadavia,0.0,-67.48,-45.87,0,1.5,50,AR,1567657709
418,yar-sale,11.18,70.83,66.83,26,4.99,79,RU,1567657735
419,manaure,28.1,-72.45,11.78,100,9.48,83,CO,1567657736
420,bucerias,28.0,-105.33,20.76,90,2.87,78,MX,1567657736
421,vostok,24.81,135.83,46.45,78,3.72,51,RU,1567657214
422,chapleau,7.31,-83.4,47.85,0,3.28,86,CA,1567657736
423,letka,20.0,17.27,43.74,0,1.0,77,BA,1567657736
424,cairns,28.0,145.77,-16.92,15,2.6,34,AU,1567657216
425,dombas,2.0,9.12,62.07,100,5.33,96,NO,1567657737
426,yashan,26.43,118.02,30.81,98,2.36,81,CN,1567657737
427,okhotsk,19.07,143.24,59.36,0,5.48,44,RU,1567657198
428,nishihara,31.67,139.53,35.74,90,1.31,69,JP,1567657197
429,leua,17.38,20.45,-11.65,95,1.43,40,AO,1567657737
430,vallenar,6.96,-70.76,-28.58,14,1.47,88,CL,1567657173
431,nacala,17.64,40.69,-14.56,95,2.19,98,MZ,1567657738
432,beloha,17.83,45.06,-25.17,58,1.93,97,MG,1567657738
433,devonport,13.33,146.36,-41.18,66,2.68,51,AU,1567657738
434,ponca city,25.56,-97.07,36.73,1,2.1,100,US,1567657739
435,vera cruz,24.0,-38.61,-12.96,40,3.1,94,BR,1567657739
436,kukushtan,12.0,56.5,57.65,75,3.0,100,RU,1567657739
437,komsomolskiy,10.5,63.78,67.55,50,5.12,77,RU,1567657739
438,faanui,25.6,-151.75,-16.48,0,10.25,81,PF,1567657740
439,vao,10.43,26.19,59.1,96,3.59,96,EE,1567657156
440,chicama,17.0,-79.15,-7.84,75,3.1,88,PE,1567657740
441,hervey bay,32.0,152.85,-25.3,0,6.2,15,AU,1567657740
442,port hedland,27.0,118.58,-20.31,0,5.7,54,AU,1567657740
443,biguacu,14.44,-48.66,-27.49,75,4.1,62,BR,1567657741
444,puerto palomas,27.0,-107.63,31.78,1,2.6,24,US,1567657741
445,smoky lake,14.13,-112.47,54.11,32,1.46,89,CA,1567657741
446,bilibino,9.86,166.44,68.06,0,2.14,32,RU,1567657741
447,tshikapa,22.49,20.79,-6.42,73,0.88,71,CD,1567657742
448,kloulklubed,29.0,134.26,7.04,75,8.2,79,PW,1567657626
449,chegutu,12.87,30.15,-18.13,0,2.26,43,ZW,1567657742
450,dongsheng,27.97,112.52,29.72,67,3.85,60,CN,1567657742
451,marystown,16.98,-55.16,47.17,97,3.57,96,CA,1567657742
452,syava,8.51,46.32,58.01,0,1.71,91,RU,1567657743
453,ornskoldsvik,11.0,18.72,63.29,75,6.7,81,SE,1567657743
454,rongcheng,23.81,122.42,37.16,3,4.11,74,CN,1567657743
455,ngara,27.42,120.99,-8.5,1,3.42,47,ID,1567657743
456,sioux lookout,14.0,-91.92,50.1,90,1.88,82,CA,1567657192
457,kulu,19.32,23.69,3.47,100,0.79,98,CD,1567657744
458,nikolsk,8.22,45.45,59.53,43,2.32,95,RU,1567657744
459,chute-aux-outardes,11.11,-68.38,49.12,75,5.1,81,CA,1567657744
460,san rafael,5.7,-68.33,-34.61,100,4.11,35,AR,1567657164
461,port jervis,22.22,-74.69,41.38,1,2.1,77,US,1567657745
462,burns lake,11.83,-125.76,54.23,3,1.87,63,CA,1567657745
463,pimentel,23.44,-45.5,-3.7,4,2.17,88,BR,1567657745
464,high prairie,10.79,-116.48,55.43,40,3.45,90,CA,1567657745
465,rovaniemi,7.0,25.72,66.5,90,2.1,100,FI,1567657746
466,sekondi,23.38,-1.71,4.94,100,1.55,93,GH,1567657746
467,kenai,15.0,-151.26,60.55,1,6.7,76,US,1567657746
468,nuuk,5.0,-51.74,64.17,100,14.9,93,GL,1567657747
469,valparaiso,18.0,-87.06,41.47,75,2.31,100,US,1567657510
470,lasa,23.0,32.53,34.92,20,3.6,83,CY,1567657747
471,montclair,25.0,-74.21,40.83,1,4.1,57,US,1567657747
472,chake chake,25.2,39.77,-5.25,0,4.7,78,TZ,1567657708
473,abalak,30.5,6.28,15.46,3,3.96,41,NE,1567657747
474,wattegama,26.66,80.68,7.35,93,3.35,65,LK,1567657708
475,bytow,17.22,17.49,54.17,0,2.1,63,PL,1567657748
476,boyolangu,28.06,111.9,-8.09,3,3.55,45,ID,1567657684
477,dargaville,14.63,173.86,-35.94,83,13.01,92,NZ,1567657748
478,duverge,21.94,-71.52,18.38,71,3.93,91,DO,1567657748
479,minas,8.0,-55.24,-34.38,75,7.2,65,UY,1567657749
480,beihai,26.67,121.19,38.95,75,5.0,69,CN,1567657749
481,myitkyina,25.87,97.4,25.38,70,1.04,88,MM,1567657749
482,vilhena,29.25,-60.15,-12.74,62,0.52,33,BR,1567657749
483,dangriga,26.11,-88.23,16.97,85,0.66,85,BZ,1567657750
484,ngunguru,13.33,174.5,-35.62,42,6.26,88,NZ,1567657750
485,novouzensk,11.66,48.14,50.46,0,2.61,65,RU,1567657750
486,vila franca do campo,21.67,-25.43,37.72,20,4.1,72,PT,1567657178
487,ardakan,26.0,54.02,32.31,0,2.1,22,IR,1567657750
488,labuan,33.0,115.24,5.28,75,1.0,74,BN,1567657665
489,peniche,18.0,-9.38,39.36,0,5.7,77,PT,1567657751
490,krasnogorsk,16.11,37.34,55.82,90,2.0,100,RU,1567657751
491,bloemfontein,4.0,26.22,-29.12,0,0.5,48,ZA,1567657751
492,san vicente,20.0,-80.41,-0.59,40,3.1,82,EC,1567657752
493,vanavara,10.49,102.28,60.35,55,3.18,78,RU,1567657215
494,requena,24.0,-1.1,39.49,20,2.1,73,ES,1567657752
495,hornepayne,11.29,-84.78,49.22,79,3.42,72,CA,1567657752
496,iseyin,22.39,3.6,7.97,100,2.46,95,NG,1567657753
497,tulun,11.11,100.58,54.56,100,4.23,82,RU,1567657753
498,barinitas,11.01,-70.41,8.76,85,0.97,91,VE,1567657753
499,kyzyl-suu,14.65,78.0,42.34,92,9.11,78,KG,1567657753
500,sterling,26.11,-77.4,39.0,40,1.5,61,US,1567657754
501,den helder,15.0,4.76,52.96,75,9.3,72,NL,1567657754
502,ingham,30.08,146.16,-18.65,0,2.87,13,AU,1567657754
503,franca,22.12,-47.4,-20.54,7,3.9,60,BR,1567657472
504,rocha,1.45,-54.34,-34.48,1,1.58,88,UY,1567657476
505,mana,25.03,5.27,13.03,100,5.42,81,NG,1567657755
506,batagay-alyta,4.42,130.41,67.8,83,2.3,77,RU,1567657755
507,xinyang,26.67,114.07,32.13,6,3.12,58,CN,1567657755
508,mokhsogollokh,12.0,128.95,61.4,97,3.08,79,RU,1567657755
509,canberra,20.56,149.1,-35.3,40,3.6,37,AU,1567657756
510,moranbah,29.68,148.04,-22.0,0,1.48,10,AU,1567657756
511,talant,14.0,5.0,47.34,90,3.6,76,FR,1567657756
512,prince rupert,12.0,-130.32,54.32,1,0.42,93,CA,1567657757
513,beneditinos,28.0,-42.36,-5.46,0,4.6,74,BR,1567657757
514,xingyi,21.41,102.82,24.19,70,1.85,69,CN,1567657757
515,san juan,1.03,-68.53,-31.54,6,0.94,36,AR,1567657680
516,nichinan,29.0,131.31,31.65,75,4.1,74,JP,1567657758
517,kuryk,16.71,51.68,43.18,0,2.02,40,KZ,1567657758
518,novobirilyussy,12.25,90.69,56.95,0,1.03,81,RU,1567657758
519,isangel,24.0,169.27,-19.55,40,4.1,60,VU,1567657666
520,parvatsar,30.82,74.77,26.88,71,1.4,63,IN,1567657760
521,plattsburgh,16.67,-73.46,44.69,90,4.68,72,US,1567657760
522,anadyr,9.0,177.51,64.73,75,3.0,76,RU,1567657181
523,port lincoln,13.02,135.86,-34.72,46,12.01,65,AU,1567657760
524,sorong,29.53,131.25,-0.86,51,3.56,65,ID,1567657761
525,fiumicino,20.0,12.23,41.77,0,1.5,77,IT,1567657761
526,khipro,32.02,69.38,25.83,100,3.81,62,PK,1567657761
527,panguna,26.02,155.48,-6.32,100,10.61,81,PG,1567657762
528,shagonar,13.62,92.92,51.54,98,0.85,65,RU,1567657762
529,vulcan,18.33,-113.26,50.4,7,3.61,52,CA,1567657762
530,rivadavia,1.03,-68.59,-31.53,6,0.94,36,AR,1567657762
531,ahipara,13.89,173.16,-35.17,100,20.77,100,NZ,1567657213
532,tabou,23.33,-7.36,4.42,100,1.78,94,CI,1567657763
533,lokosovo,10.54,74.84,61.13,53,2.14,84,RU,1567657763
534,shenjiamen,27.12,122.3,29.96,49,4.09,85,CN,1567657763
535,batamshinskiy,9.0,58.27,50.56,75,3.0,93,KZ,1567657763
536,zhaoqing,29.26,112.47,23.05,15,3.03,72,CN,1567657764
537,tahoua,30.09,5.26,14.89,0,5.95,50,NE,1567657764
538,redmond,19.44,-122.12,47.67,1,4.1,82,US,1567657764
539,grants,16.0,-107.85,35.15,1,1.5,31,US,1567657764
540,vikhorevka,11.67,101.17,56.12,75,4.0,87,RU,1567657765
541,saint anthony,24.0,-111.68,43.97,1,4.1,35,US,1567657683
542,mikhaylovka,12.77,103.29,52.96,100,7.97,79,RU,1567657765
543,rome,20.0,12.48,41.89,0,1.0,77,IT,1567657765
544,mahina,24.59,-10.85,13.76,13,1.54,85,ML,1567657766
545,deputatskiy,9.62,139.9,69.3,2,3.48,39,RU,1567657766
546,ciechocinek,15.0,18.79,52.88,0,2.6,71,PL,1567657766
547,la joya,28.0,-98.48,26.25,1,3.6,88,US,1567657766
548,mongu,14.84,23.14,-15.27,0,1.73,34,ZM,1567657767
549,sistranda,11.67,8.83,63.73,75,1.5,93,NO,1567657723
550,severnyy-kospashskiy,10.53,57.8,59.09,77,0.32,97,RU,1567657767
551,ugoofaaru,28.06,73.0,5.67,30,3.18,77,MV,1567657647
552,leshukonskoye,11.07,45.76,64.9,100,2.15,97,RU,1567657767
